S.No,reviews_list,Category,'Review type',,,,
1,'It was worth trying it','Value of Money',Positive,,,,
2,'Pizza was great and satisfied my pizza craving','Value of Money',Positive,,,,
3,'food was amazing and the food was hot and fresh','Food Taste',Positive,,,,
4,'Awsome quality of flavoured Naan','Food Taste',Positive,,,,
5,'It was fresh ,hot and yummy','Food Taste',Positive,,,
6,'Super cheesy & incredibly tasty','Food Taste',Positive,,,,
7,'food taste was not good','Food Taste','Negative ',,,,
8,'yummy taste ','Food Taste',Positive,,,,
9,' delivered before the time',Service,Positive,,,,
10,'Delicious Taste','Food Taste',Positive,,,,
11,'Tawa Pizza is something beyond delicious Full of flavours and spices. It was too yummy and delicious','Food Taste',Positive,,,,
12,'Apple pie were absolutely amazing','Food Taste',Positive,,,,
13,'Worth trying','Food Taste',Positive,,,,
14,'Awsome taste ','Food Taste',Positive,,,,
15,' service was also good',Service,Positive,,,,
16,'Excellent deal for 4 people in just Rs.1800','Value of Money',Positive,,,,
17,'Taste was also not good and quantity was also not good','Food Taste','Negative ',,,,
18,'food was yummilicious Will recommend it to everyone','Food Taste',Positive,,,,
19,'Food tast was good family loved it and would definitely recommend you all','Food Taste',Positive,,,,
20,'Delicious Taste and full of flavour. Packaged well & order reached on time.','Food Taste',Positive,,,,
21,'tasted good nevertheless','Value of Money',Positive,,,,
22,'Taste was so delicious ','Value of Money',Positive,,,,
23,'Yummlicious burger','Value of Money',Positive,,,,
24,'Broadway sandwiches are good ,tasty and fresh','Value of Money',Positive,,,
25,'food was not fresh and not cooked properly','Food Taste','Negative ',,,,
26,'Food was very saucy ','Food Taste',Positive,,,,
27,'Worth buying','Value of Money',Positive,,,,
28,'Honestly speaking taste was amaizing, Buns were soft and sauce was upto the mark.','Food Taste',Positive,,,
29,'Price is not so economical','Value of Money','Negative ',,,,
30,'perfect amount of cheese and sauces. Also the patties were so juicy.','Food Taste',Positive,,,,
31,'Food taste was amazing','Food Taste',Positive,,,,
32,'Service was good',Service,Positive,,,,
33,'The price was very reasonable','Value of Money',Positive,,,,
34,'The taste, quality, quantity and everything was spot on. They kept a perfect balance of spices.','Food Taste',Positive,,
35,'Broadway never disappointed ur cheese cravings Ordered this yummilicious pizza and it was much Tempting','Food Taste',Positive,,,,
36,'Price is also economical','Value of Money',Positive,,,,
37,'Yummlicious alferado pasta','Food Taste',Positive,,,,
38,'Best pizza in taste ','Food Taste',Positive,,,,
39,'They provide best service',Service,Positive,,,,
40,' Taste was good','Food Taste',Positive,,,,
41,'Ambiance was amazing',Ambience,Positive,,,,
42,'the service was to slow ',Service,'Negative ',,,,
43,' the food was not good','Food Taste','Negative ',,,,
44,'Quality of food best','Food Taste',Positive,,,,
45,'Service was also good',Service,Positive,,,,
46,'Club sandwich taste was good ','Food Taste',Positive,,,,
47,'Ambience is nice',Ambience,Positive,,,,
48,'Service is very fast',Service,Positive,,,,
49,'Worst Food experience at kebabistan','Food Taste','Negative ',,,,
50,'Worst Ambience',Ambience,'Negative ',,,,
51,'Worst Service',Service,'Negative ',,,,
52,'Taste is awsome ','Food Taste',Positive,,,,
53,'Service was also good',Service,Positive,,,,
54,'They give discount too. Price is affordable','Value of Money',Positive,,,,
55,'will never order from Kababjees its a really disappointment','Food Taste','Negative ',,,,
56,'Dissapointment in service of Kababjees',Service,'Negative ',,,,
57,'Taste is wonderful','Food Taste',Positive,,,,
58,'Ambience is quiet nice',Ambience,Positive,,,,
59,'Their service is nice',Service,Positive,,,,
60,'The food was incredible','Food Taste',Positive,,,,
61,'the service was phenomenal',Service,Positive,,,,
62,'Never avail  50\% offer on kababjee resturants, Pathetic Service',Service,Positive,,,
63,'One of the best focaccia bread/sandwich! Decent coffee','Food Taste',Positive,,,,
64,'excellent service',Service,Positive,,,,
65,'Slow Service',Service,'Negative ',,,,
66,'Food taste and quality is good','Food Taste',Positive,,,,
67,'Tried Burger Next Tripple Zinger taste was good','Food Taste',Positive,,,,
68,'Service was satisfied',Service,Positive,,,,
69,'Affordable Price','Value of Money',Positive,,,,
70,'Lunch menu was good and also food quality','Food Taste',Positive,,,,
71,'Service was satisfied',Service,Positive,,,,
72,'Wonderful, tasty food ','Food Taste',Positive,,,
73,'satisfying service',Service,Positive,,,,
74,'Environment is also good',Ambience,Positive,,,,
75,'Taste great','Food Taste',Positive,,,,
76,'Environmentvwas not too  good, atmosphere was warm',Ambience,'Negative ',,,
77,'delicious food,  highly recommended.','Food Taste',Positive,,,
78,'Good Service',Service,Positive,,,,
79,'Price is also not too expensive','Value of Money',Positive,,,,
80,'Food was super awesome','Food Taste',Positive,,,,
81,'loved the prompt service',Service,Positive,,,,
82,'Food was great ','Food Taste',Positive,,,,
83,'the service was too worst',Service,'Negative ',,,,
84,'Poor Taste','Food Taste','Negative ',,,,
85,'Wastage of money','Value of Money','Negative ',,,,
86,'Pathetic Service',Service,'Negative ',,,,
87,'Ambiance was not so good, Worst experience',Ambience,'Negative ',,,
88,'Worst food taste','Food Taste','Negative ',,,,
89,'Good Quality  Food','Food Taste',Positive,,,,
90,'poor taste','Food Taste',Positive,,,,
91,'Taste was so delicious','Food Taste',Positive,,,,
92,'Amazing quality amazing taste ','Food Taste',Positive,,,,
93,'pocket friendly price','Value of Money',Positive,,,,
94,' tasted delicious especially the Burger Sauce is what makes it unique.','Food Taste',Positive,,,,
95,'I believe it was worth spending ','Value of Money',Positive,,,,
96,' it was the worst experience i ever had. The quantity and the taste both were worst','Food Taste','Negative ',,,,
97,'Order was not even worth a penny. ','Value of Money','Negative ',,,,
98,'Their food was literally pathetic badly disappointment','Food Taste','Negative ',,,,
99,' I wasnot expecting that food is  so good and delicious ','Food Taste',Positive,,,,
100,'the charges were more shocking and pocket friendly','Value of Money',Positive,,,,
101,'A full and fantastic meal in very pocket friendly amount','Value of Money',Positive,,,,
102,'shawarma which turned out to be pretty amazing with the perfect balance of flavour','Food Taste',Positive,,,,
103,' The taste was delicious and it is super spicy','Food Taste',Positive,,,,
104,'best in taste','Food Taste',Positive,,,,
105,' it was delightfully rich and reasonably satisfying in taste','Food Taste',Positive,,,,
106,' it was delightfully rich and reasonably satisfying in taste',Service,Positive,,,,
107,'Worst Service',Service,'Negative ',,,,
108,' the quantity of the food and taste was very less','Food Taste','Negative ',,,,
109,'Price was not worth it','Value of Money','Negative ',,,,
110,'Worst experience',Service,'Negative ',,,,
111,'Worst experience','Food Taste','Negative ',,,,
112,'Worst decision and Worst food ','Food Taste','Negative ',,,,
113,'Worst Service',Service,'Negative ',,,,
114,'worst dining experience we have ever had',Service,'Negative ',,,,
115,'worst experience Literally',Service,'Negative ',,,,
116,'The food is overpriced it was like paying a fortune over nothing','Value of Money','Negative ',,,,
117,' willing to waste their money  worst experience ever.',Service,'Negative ',,,,
118,'Worst Management I have seen in my life.',Service,'Negative ',,,,
119,'Worst experience food','Food Taste','Negative ',,,,
120,'Pathetic Service',Service,'Negative ',,,,
121,'Worst experience',Service,'Negative ',,,,
122,'Poor Taste','Food Taste','Negative ',,,,
123,'Worst Ambience',Ambience,'Negative ',,,,
124,'Even not worth in price','Value of Money','Negative ',,,,
125,'Food was fresh and hot','Food Taste',Positive,,,,
126,'Service was great',Service,Positive,,,,
127,'Poor Taste','Food Taste','Negative ',,,,
128,'Worst experience',Service,'Negative ',,,,
129,'Most pathetic service',Service,'Negative ',,,,
130,' the food was just average and the taste was not upto the demand.','Food Taste','Negative ',,,,
131,'Extremely bad experience',Service,'Negative ',,,,
132,'The food was mediocre at best','Food Taste','Negative ',,,,
133,'Over-Priced and mediocre','Value of Money','Negative ',,,,
134,'The chocolate dessert was delicious','Food Taste',Positive,,,,
135,' worth spending ','Value of Money',Positive,,,,
136,Food-Great,'Food Taste',Positive,,,,
137,'Great taste and convenience','Food Taste',Positive,,,,
138,'Don\'t like it, Taste is not good','Food Taste','Negative ',,,
139,'Service was not good','Food Taste','Negative ',,,,
140,'Quality and Quantity was good','Food Taste',Positive,,,,
141,' Awesome taste','Food Taste',Positive,,,,
142,'Best taste','Food Taste',Positive,,,,
143,'Amazing taste','Food Taste',Positive,,,,
144,'Taste best','Food Taste',Positive,,,,
145,'Service best','Food Taste',Positive,,,,
146,' its amazing taste fresh and clean','Food Taste',Positive,,,,
147,'It had an amazing smokey flavour to it','Food Taste',Positive,,,,
148,'best in taste and full of cheese I love it so much','Food Taste',Positive,,,,
149,'fries tasted fabulous!','Food Taste',Positive,,,,
150,'Food break never disappoints','Food Taste',Positive,,,,
151,'Excellent value for money','Value of Money',Positive,,,,
152,'Over all yummy experience taste is good completely satisfied with quality ','Food Taste',Positive,,,,
153,'excellent taste','Food Taste',Positive,,,,
154,'Exellent food taste ,quality is perfect','Food Taste',Positive,,,
155,' brunch no taste no quality','Food Taste',Positive,,,,
156,'quantity to taste, everything was up to the mark','Food Taste',Positive,,,
157,'Ambience was not good',Ambience,'Negative ',,,,
158,'TASTE WAS GOOD','Food Taste',Positive,,,,
159,'TOO MUCH EXPENSIVE INTERMS OF QUANTITY WISE','Value of Money','Negative ',,,,
160,'It was a great experience taste was so good','Food Taste',Positive,,,,
161,'Worst Dineout ever',Service,'Negative ',,,,
162,'it was not at all of a good quality','Food Taste','Negative ',,,,
163,'Icecream was tasteless','Food Taste','Negative ',,,,
164,'Worst customer service','Food Taste','Negative ',,,,
165,'he taste was literally of some sort of medicine','Food Taste','Negative ',,,,
166,'Money was literally wasted','Value of Money','Negative ',,,,
167,'Worst food ever ','Food Taste','Negative ',,,,
168,'service was very slow ',Service,'Negative ',,,,
169,' worst experience ever which I had today',Service,'Negative ',,,,
170,'Prices are already too high and quality and taste doesnot worth at all','Value of Money','Negative ',,,,
171,'such high quality food','Food Taste',Positive,,,,
172,'Bad Taste','Food Taste','Negative ',,,,
173,'All in all pretty bad experience, Food Taste is not good','Food Taste',Positive,,,
174,'The service was okay',Service,'Negative ',,,,
175,'Best taste','Food Taste',Positive,,,,
176,'Very pocket friendly.','Value of Money',Positive,,,,
177,'Worth it','Value of Money',Positive,,,,
178,'The pizza was delicious and filled with cheese.It was extremely mouthwatering.','Food Taste',Positive,,,,
179,'All of the flavors were absolutely delightful.','Food Taste',Positive,,,,
180,'The prices are also economical.','Food Taste',Positive,,,,
181,'It was absolutely rich, full of flavour and flat out amazing ','Food Taste',Positive,,,
182,'Poor food quality and taste.Very disappointed','Food Taste','Negative ',,,,
183,'The delivery was on time',Service,Positive,,,,
184,' it was an amazing experience, great flavors and the pizza was piping hot and fresh!','Food Taste',Positive,,,
185,'Everything was amazing and flavourful.Recommended.','Food Taste',Positive,,,,
186,'The taste was really good','Food Taste',Positive,,,,
187,'which is quite affordable','Value of Money',Positive,,,,
188,'All burgers had uncooked chicken and the masala fries very extremely spicy. ','Food Taste','Negative ',,,,
189,'Their customer service is pathetic! ',Service,'Negative ',,,,
190,'Taste was so delicious ','Food Taste',Positive,,,,
191,'One of the best burger in K-town','Food Taste',Positive,,,,
192,'its mouthwatering','Food Taste',Positive,,,,
193,'Had a brilliant Gigantic Burger from Bite The Burger.  and all the ingredients were fresh.','Food Taste',Positive,,,,
194,'The delivery was timely',Service,Positive,,,,
195,'extremely disgusting , dry patty , buns was not fresh , no filling inside , the drinks we ordered were like super hot to be served. ','Food Taste','Negative '
196,'No Value of Money','Value of Money','Negative ',,,,
197,'food wasnot  fresh neither tasty','Food Taste','Negative ',,,,
198,'packaging wasnot reliable.',Service,'Negative ',,,,
199,'A dessert good enough for two',Service,Positive,,,,
200,'It is absolutely amazing in terms of taste and quality. ','Food Taste',Positive,,,,
201,'Bon Bistro never disappoints.','Food Taste',Positive,,,,
202,'The packaging and presentation was absolutely gorgeous.',Service,Positive,,,,
203,'An amazing experience overall, highly recommended','Food Taste',Positive,,,
204,'An amazing experience overall, highly recommended',Service,Positive,,,
205,'These fries were around 250 rupees and were the worst fries I have ever eaten','Food Taste','Negative ',,,,
206,'quantity was not good at all they were too much spicy',Service,'Negative ',,,,
207,'Not worth it','Value of Money','Negative ',,,,
208,'love every single bite hot ,fresh ,full of chesse love the sauces with pizza ','Food Taste',Positive,,
209,'Delivery on time',Service,Positive,,,,
210,'Soft and tasty food ','Food Taste',Positive,,,,
211,'Nice presentation, excellent taste and quality of food.','Food Taste',Positive,,,
212,'Loved the Kinder Stecco from The Crave Bar','Food Taste',Positive,,,,
213,'They delivered extraordinary quality burgers and extremely saucy i just loved all of there items','Food Taste',Positive,,,,
214,'The buger was delicious and filled with cheese. .It was extremely mouthwatering.','Food Taste',Positive,,,,
215,'The service was on point',Service,Positive,,,,
216,'The dough which is the trickiest part was also perfect! The added cream cheese was on point.','Food Taste',Positive,,,,
217,'Its great taste n fully of mozerella cheese. We truly love it.','Food Taste',Positive,,,,
218,'We admired the taste, freshness and hygiene.','Food Taste',Positive,,,
219,'Properly Filled with topping, all flavours were different from other it\'s a typical Naan.','Food Taste',Positive,,,
220,'It was hot and fresh so 10/10 ','Food Taste',Positive,,,,
221,'their service was too good',Service,Positive,,,,
222,'the taste was way too good','Food Taste',Positive,,,,
223,'This delizia’s sundae desert great taste nutella sundae is awesome a must try desert','Food Taste',Positive,,,,
224,'Quantity was really good enough',Service,Positive,,,,
225,'Taste was delicious ','Food Taste',Positive,,,,
226,'Best pizza I ever had.','Food Taste',Positive,,,,
227,' It was super juicy and hell amazing!','Food Taste',Positive,,,,
228,'The delivery was timely and all the ingredients were fresh. ','Food Taste',Positive,,,,
229,' It has the right amount of gooeyness and chocolate','Food Taste',Positive,,,,
230,'Thick loaded burger with a beef fillet, a lot of sauce burger','Food Taste',Positive,,,
231,'fast service',Service,Positive,,,,
232,'What a delicious Burger, Awesome taste.','Food Taste',Positive,,,
233,'Food Taste were amazing','Food Taste',Positive,,,,
234,'It was delivered hot, fresh and on time.','Food Taste',Positive,,,
235,' It was a good experience',Service,Positive,,,,
236,'it\'s highly recommended in terms of quality, quantity and hygiene.',Service,Positive,,,
237,'The food was served fresh and hot.','Food Taste',Positive,,,,
238,'It was so packed with flavours was so so yummmy the serving was generous a must try','Food Taste',Positive,,,,
239,'The pasta was soo tasty. Highly recommend ','Food Taste',Positive,,,,
240,'This sandwich it was too salty Taste wasnot good but when tasted so not tempting and it was dry too.','Food Taste',Positive,,,,
241,'Presentation was good grilled and it was looking yummy',Service,Positive,,,,
242,'Must give it a try Heavenly fresh and nothing beats timely delivery','Food Taste',Positive,,,,
243,'Overall pathetic experience',Service,'Negative ',,,,
244,'Bun kabab has stale bun Chicken cheese roll has a tiny chunk of cheese in center. ','Food Taste','Negative ',,,,
245,'The prices are extremely reasonable. The food quality was much better than the usual burger joints in the city but the price was much lesser. ','Value of Money',Positive,,,,
246,' I must say it was worth every penny. The crust was perfectly baked, and the filling was hearty with a generous amount of cheese.','Value of Money',Positive,,,
247,'Worth it Best in Affordable Price','Value of Money',Positive,,,,
248,'The icecream itself is super creamy soft and well flavored with lotus biscuits.','Food Taste',Positive,,,,
249,'A little expensive for serving quantity but definitely worth the taste and its lotus so nvm.','Food Taste',Positive,,,,
250,'MilkyMalt fresh , rich , moist and PERFECT!','Food Taste',Positive,,
251,'Food was really good.. literally never had such amazing balochi tikka before.. they also have memoni khausay which were too good.','Food Taste',Positive,,,,
252,'Great taste and timely delivered.','Food Taste',Positive,,,,
253,'Yummyyy and delicious.','Food Taste',Positive,,,,
254,'Reasonable price 200','Value of Money',Positive,,,,
255,'Everything was at its height, with the perfect size, shape, stuffing, taste and most importantly','Food Taste',Positive
256,'delivery was on time',Service,Positive,,,,
257,'Very scrummy, had genuine biryani spices unlike most biryani centres who mostly just add color.','Food Taste',Positive,,,
258,'The perfect balance of spice was added & the pizza itself was absolutely fresh !','Food Taste',Positive,,,,
259,'It was literally Awesome','Value of Money',Positive,,,,
260,'OMG Burgers never disappoints I tried the classic single and fell in love all over again.','Food Taste',Positive,,,,
261,'It was truly delicious','Food Taste','Negative ',,,,
262,'Every bite was full of flavour,the sauces ,Doners ,Pides,melting in your mouth and giving you a unique flavour.The money you pay is justified with Taste and Quantity','Value of Money',Positive
263,'Its so delicious and flavourful, rich in cheese and chicken','Food Taste',Positive,,,
264,' very reasonable rate','Value of Money',Positive,,,,
265,'So thick and mouthwatering.','Food Taste',Positive,,,,
266,'A must try burger Fairy crunch Hygienic ','Food Taste',Positive,,,,
267,'afortable too','Value of Money',Positive,,,,
268,'Crunchy and Juicy','Food Taste',Positive,,,,
269,'Taste is good infact it was very yummy.','Food Taste',Positive,,,,
270,' highly recommend',Service,Positive,,,,
271,'Quantity, and taste were so so good!','Food Taste',Positive,,,
272,'Perfect taste, perfect spice.','Food Taste',Positive,,,
273,'Loved the ambiance',Ambience,Positive,,,,
274,'Apolo pasta tasted heavenly. It was loaded with chicken and mushroom with a perfect blend of white sauce. Trojan Gyro was good. ','Food Taste',Positive,,,,
275,'It was amazing. Must try.','Food Taste',Positive,,,,
276,' the fires were unfresh.The broast was cold to the core... Never recommending this place to anyone','Food Taste','Negative ',,,,
277,'It was a worst experience',Service,'Negative ',,,,
278,'Quantity and Quality both upto mark.','Food Taste',Positive,,,,
279,'Worth trying','Food Taste',Positive,,,,
280,'No denying its over priced.','Value of Money','Negative ',,,,
281,'Everything came fresh and hot.Seems like great Value of Money','Value of Money',Positive,,,,
282,'Almost a 2lb lotus cheesecake for literally the cheapest rates ever. ','Value of Money',Positive,,,,
283,'Best zinger burger I ever had with lots of sauce and cheese. Not too much crisp and the quantity of chicken was also perfect. What else some one want in just Rs. 330','Value of Money',Positive,,,,
284,'Very different in taste highly recommended for CHEESE lover','Food Taste',Positive,,,,
285,'It was just awesome. Fresh and tasty.','Food Taste',Positive,,,,
286,'Amazing as usual, the quantity was sufficient.',Service,Positive,,,
287,'taste mouth watering.','Food Taste',Positive,,,,
288,'Overall an amazing experience ',Service,Positive,,,,
289,'cost effective rates.','Value of Money',Positive,,,,
290,'Both pizza completely melt in our mouth.','Food Taste',Positive,,,,
291,'price was reasonable too','Value of Money',Positive,,,,
292,'and they delivered on time',Service,Positive,,,,
293,' look good it tasted even better, ingredients were super fresh ','Food Taste',Positive,,,
294,'loved every bite,club sandwich was good too','Food Taste',Positive,,,
295,'Good quantity, Delicious taste','Food Taste',Positive,,,
296,' Easy on pocket','Value of Money',Positive,,,,
297,'creativity on the cake was excellent','Food Taste',Positive,,,,
298,'absolutely amazing so crispy and so syrupy','Food Taste',Positive,,,,
299,'everything was average',Service,Positive,,,,
300,'AMAZING stuff + 10/10 hygiene','Food Taste',Positive,,,,
301,'good-quality pizza Taste 10/10 Hygiene 10/10','Food Taste',Positive,,,,
302,' Packaging 10/10','Food Taste',Positive,,,,
303,' too yummy and delicious ','Food Taste',Positive,,,,
304,' delicious and spicy ','Food Taste',Positive,,,,
305,'good quality ','Food Taste',Positive,,,,
306,'reasonable price','Value of Money',Positive,,,,
307,'it was fresh, hygenic','Food Taste',Positive,,,
308,reasonable ,'Value of Money',Positive,,,,
309,'Mangoes Are Amazing fresh','Food Taste',Positive,,,,
310,reasonable,'Value of Money',Positive,,,,
311,'all of them were heavenly ','Food Taste',Positive,,,,
312,' so nice, the perfect about of sweet and just great! ','Food Taste',Positive,,,
313,' craving was more than satisfied','Food Taste',Positive,,,,
314,'Must try if you are a seafood lover ','Food Taste',Positive,,,,
315,'It is just sooo yummylicious!','Food Taste',Positive,,,,
316,' amazing tasty Biryani ever in reasonable price. ','Food Taste',Positive,,,,
317,'Very reasonable price ','Value of Money',Positive,,,,
318,'good quantity and quality of food','Food Taste',Positive,,,,
319,'simply perfect in Taste','Food Taste',Positive,,,,
320,'bad customer service and lack of communication from such a big food chain',Service,'Negative ',,,,
321,'really upto something cool and next level','Food Taste',Positive,,,,
322,'Really disappointing and worst experience ever.','Food Taste','Negative ',,,,
323,'Really disappointing and worst experience ever.',Service,'Negative ',,,,
324,'Pathetic service',Service,'Negative ',,,,
325,'everything is perfect with delicious taste.','Food Taste',Positive,,,,
326,'cake was horrible in taste','Food Taste','Negative ',,,,
327,' taste was so yummy, quantity and quality was upto the mark','Food Taste',Positive,,,
328,'great taste','Food Taste',Positive,,,,
329,'best pizza fries ever','Food Taste',Positive,,,,
330,' lovely and delicious experience and a nice addition to Karachi eateries',Service,Positive,,,,
331,' lovely and delicious experience and a nice addition to Karachi eateries','Food Taste',Positive,,,,
332,'amazing food','Food Taste',Positive,,,,
333,'well in taste','Food Taste',Positive,,,,
334,'highly recommended for cheese lovers','Food Taste',Positive,,,,
335,'good job keep doing',Service,Positive,,,,
336,'Very reasonable price and good quantity.','Value of Money',Positive,,,,
337,'things made to perfection','Food Taste',Positive,,,,
338,'food is really good','Food Taste',Positive,,,,
339,'definitely better than some other local eateries','Food Taste',Positive,,,,
340,'everything is perfect with delicious taste.','Food Taste',Positive,,,,
341,'the quality amazingly constant','Food Taste',Positive,,,,
342,'packaging and taste is perfect','Food Taste',Positive,,,,
343,'overall experience is satisfying','Food Taste',Positive,,,,
344,'best cupcakes ','Food Taste',Positive,,,,
345,'perfectly balanced',Service,Positive,,,,
346,'very much satisfied',Service,Positive,,,,
347,'super gooey and yummy','Food Taste',Positive,,,,
348,'wholesome experince','Food Taste',Positive,,,,
349,'received on time',Service,Positive,,,,
350,'perfectly sweet','Food Taste',Positive,,,,
351,'good experience in food','Food Taste',Positive,,,,
352,'well done, service was great',Service,Positive,,,
353,'never compromise on quality and quantity ',Service,Positive,,,,
354,'never compromise on quality and quantity ','Food Taste',Positive,,,,
355,'cute packaging',Service,Positive,,,,
356,'taste amazing','Food Taste',Positive,,,,
357,'best smell and taste of mangos','Food Taste',Positive,,,,
358,'fries were fresh with gegerous quantity of sauce','Food Taste',Positive,,,,
359,'arabic ranch was a treat','Food Taste',Positive,,,,
360,'good job team jardin ',Service,Positive,,,,
361,'brand loyality is on peak',Other,Positive,,,,
362,'very milky and moist ','Food Taste',Positive,,,,
363,'overwhelming in taste','Food Taste',Positive,,,,
364,'best tres leche cake ever','Food Taste',Positive,,,,
365,'overall pleasant experience',Service,Positive,,,,
366,'pizza was average quality','Food Taste',Positive,,,,
367,'tasty  pizza','Food Taste',Positive,,,,
368,'actually a good burger you should go for','Food Taste',Positive,,,,
369,'taste is superb','Food Taste',Positive,,,,
370,'service is superb','Food Taste',Positive,,,,
371,'Delicious Taste','Food Taste',Positive,,,,
372,'wonderful experience','Food Taste',Positive,,,,
373,'cake is super moist ','Food Taste',Positive,,,,
374,'prawn biryani doesnot beat the taste of our evergreen beef biryani','Food Taste',Positive,,,,
375,'you are missing out on some good quality pizza','Food Taste',Positive,,,,
376,'this cake would make a wonderful surprise for your loved ones','Food Taste',Positive,,,,
377,'keep up the work ',Other,Positive,,,,
378,'Pathetic service',Service,'Negative ',,,,
379,'exceptional in taste and quality ','Food Taste',Positive,,,,
380,'perfect balance to its sweetness','Food Taste',Positive,,,,
381,'quality and quality plus taste is good','Food Taste',Positive,,,,
382,'the best saucy overloaded','Food Taste',Positive,,,,
383,'freaking loving it','Food Taste',Positive,,,,
384,'simply amazing','Food Taste',Positive,,,,
385,'keep it up guys','Food Taste',Positive,,,,
386,'pasta was buttery','Food Taste',Positive,,,,
387,'so delicious','Food Taste',Positive,,,,
388,'delicious and spicy ','Food Taste',Positive,,,,
389,'taste is upto the mark','Food Taste',Positive,,,,
390,'honestly delicious','Food Taste',Positive,,,,
391,'the best you can get','Food Taste',Positive,,,,
392,'food was amazing and the food was hot and fresh','Food Taste',Positive,,,,
393,'Awsome quality of flavoured Naan','Food Taste',Positive,,,,
394,'It was fresh ,hot and yummy','Food Taste',Positive,,,
395,'Super cheesy & incredibly tasty','Food Taste',Positive,,,,
396,'food taste was not good','Food Taste','Negative ',,,,
397,'yummy taste ','Food Taste',Positive,,,,
398,'delivered before the time',Service,Positive,,,,
399,'Delicious Taste','Food Taste',Positive,,,,
400,'Tawa Pizza is something beyond delicious Full of flavours and spices. It was too yummy and delicious','Food Taste',Positive,,,,
401,'Apple pie was so bad','Food Taste','Negative ',,,,
402,'Not worth it','Value of Money','Negative ',,,,
403,'Awsome taste ','Food Taste',Positive,,,,
404,'service was also good',Service,Positive,,,,
405,'Excellent deal for 4 people in just Rs.1800','Value of Money',Positive,,,,
406,'Taste was also not good and quantity was also not good','Food Taste','Negative ',,,,
407,'food was yummilicious Will recommend it to everyone','Food Taste',Positive,,,,
408,'it stucks.. They are charging 30\%  including 400rs per month & 1.6 on online charges.',Service,'Negative ',,,,
409,'The chicken was soft & creamy and pasta was juicy','Food Taste',Positive,,,,
410,'yummy taste ','Food Taste',Positive,,,,
411,'I like the filling & loved the creamy taste.','Food Taste',Positive,,,,
412,'the food were just owsm my whole family loved it','Food Taste',Positive,,,,
413,'Thank you for the delicious Alfredo pasta','Food Taste',Positive,,,,
414,'Self experience was just owsm','Food Taste',Positive,,,,
415,'pizza fries was so chessy','Food Taste',Positive,,,,
416,'Highly recommended.they serve delicious & hygenic food.Best experience','Food Taste',Positive,,,,
417,'Highly recommended.they serve delicious & hygenic food.Best experience',Service,Positive,,,,
418,'the taste is amazing','Food Taste',Positive,,,,
419,'food was fulfilling in quantity','Food Taste',Positive,,,,
420,'Rich in taste & resonable priced.we had an amazing experience','Value of Money',Positive,,,,
421,'New Pasta taste was amazing','Food Taste',Positive,,,,
422,'pizza sandwich was so yummilicious ','Food Taste',Positive,,,,
423,'I canot expalin the foods quantity were really satisfying me & also their taste','Food Taste',Positive,,,,
424,'I had this tasty tawa pizza, nd trust me it is something beyond delicious.Full of flavours & spices.','Food Taste',Positive,,,
425,'Honestly they were absolutely amazing. They were so crispy & so Syrupy from inside','Food Taste',Positive,,,,
426,'I tried value deal  very good taste very fresh ','Food Taste',Positive,,,,
427,'quick delivery',Service,Positive,,,,
428,'fulfil your cravings with juciest BBQ. Amazing experineced.','Food Taste',Positive,,,,
429,'I got my hands on one of their deal that had one jumbo deal in only 180/-','Value of Money',Positive,,,,
430,'fresh,Hygenic & very Yummy food','Food Taste',Positive,,,
431,'fresh,Hygenic & very Yummy food',Service,'Negative ',,,
432,'the quality of Honey are amazing','Food Taste',Positive,,,,
433,'love their presentation ',Service,Positive,,,,
434,'must say all was so freshly ,chesseliciously,deliciously gooey & full of flavour.','Food Taste',Positive,,
435,'delicious & yummilicious','Food Taste',Positive,,,,
436,'Tried Sauced 7 Loaded Pizza fries','Food Taste',Positive,,,,
437,'They servve fresh, delicious & Hygienic food Best expeience during this pandemic.','Food Taste',Positive,,,
438,'Good exerienced. Ambience is good',Ambience,Positive,,,,
439,'Highly recommended  own experienced I like ambience',Ambience,Positive,,,,
440,'Yummy & tasty','Food Taste',Positive,,,,
441,'Chessey & Saucey ',Service,Positive,,,,
442,'Great and fresh taste','Food Taste',Positive,,,,
443,'Its really Yummy','Food Taste',Positive,,,,
444,'Food was Succulent & yummy','Food Taste',Positive,,,,
445,'Fresh,Tasty & Hygenic food','Food Taste',Positive,,,
446,'Mouth watering & fully Craving','Food Taste',Positive,,,,
447,'Highly Recommend',Other,Positive,,,,
448,'The food was really Tasty & Yummy','Food Taste',Positive,,,,
449,'Try This Its really tasty','Food Taste',Positive,,,,
450,'Mouth craving burger','Food Taste',Positive,,,,
451,'Deal in just 299/- wow','Value of Money',Positive,,,,
452,'it was very good , delicious ','Food Taste',Positive,,,
453,'great thing was that 10\% off','Value of Money',Positive,,,,
454,'its always My favt, & loved','Food Taste',Positive,,,
455,'Experienced was really good',Ambience,Positive,,,,
456,'Amazing 25\% discount On entire Menu ','Value of Money',Positive,,,,
457,'30\% discount on Foodmania deal. Also get card discount on food panda','Value of Money',Positive,,,,
458,'Large Pizza in Only 400','Value of Money',Positive,,,,
459,'Golden dragons chinese made my pre birthday amazing. They never disopoint us.','Food Taste',Positive,,,,
460,'They add some cheese in my life.','Food Taste',Positive,,,,
461,'Tasty & Yummy with Best Quality','Food Taste',Positive,,,,
462,'Mouth craving Spaghrtti with satisfying quantity','Food Taste',Positive,,,,
463,'Amazing Pizza deals In resonable prices. I am sure yoou guys also loved it','Value of Money',Positive,,,,
464,'Deals in Resonable prices with excellent presentation ','Value of Money',Positive,,,,
465,'Huge discount with yummilicious Deals only in 999/-','Value of Money',Positive,,,,
466,'Delicious Yummy Achari Qeema Pasta','Food Taste',Positive,,,,
467,'ygein & quality food ','Food Taste',Positive,,,,
468,'inspired by their service',Service,Positive,,,,
469,'fast Food was just Nice ','Food Taste',Positive,,,,
470,'surprised by their deal offering discount only in 1299/-','Value of Money',Positive,,,,
471,'Tasty & Delicious','Food Taste',Positive,,,,
472,'BBQ awesome Taste.','Food Taste',Positive,,,,
473,'Fresh food','Food Taste',Positive,,,,
474,'All varieties of food is available at resonable rates ','Value of Money',Positive,,,,
475,'Most Famous & Delicious Lebanese Platter.','Food Taste',Positive,,,,
476,'Healthy & Fresh ,Mouthwatering It\'s unique Taste','Food Taste',Positive,,,
477,'Tasty & Hygenic Food ','Food Taste',Positive,,,,
478,'Ordered Recived on time',Service,Positive,,,,
479,'Fulfill my Hunger With Their special deals','Value of Money',Positive,,,,
480,'Delicious desert with Excellent presentation','Food Taste',Positive,,,,
481,'Saucey Jalfrezzi amazing','Food Taste',Positive,,,,
482,'Best quality & Amazing enviornment','Food Taste',Positive,,,,
483,'Good Service With great taste','Food Taste',Positive,,,,
484,' Best quality food ','Food Taste',Positive,,,,
485,'Resonable rates','Value of Money',Positive,,,,
486,'Creamy Ice Cream with fast service','Food Taste',Positive,,,,
487,'I ordered this pasta from chessyaffairPk & my taste Buds are satisfied ','Food Taste',Positive,,,,
488,'great experenced with Amzing taste & service satisfied ',Ambience,Positive,,,,
489,'try out their hotty sauce wings. Soicy saucy & wingy!',Ambience,Positive,,,,
490,'Its Grilled to perfection & satisfying my Taste.','Food Taste',Positive,,,,
491,'The taste was amazing & good quantity','Food Taste',Positive,,,,
492,'Great deals offer for their customer really empressed by their rates','Value of Money',Positive,,,,
493,'delicious taste with quality food','Food Taste',Positive,,,,
494,'Pizza Origin Karachi at its best',Service,Positive,,,,
495,'Eat their Hygenic food ',Service,Positive,,,,
496,'Best Hygenic & Tasty shawarma','Food Taste',Positive,,,,
497,'Yummy Alfredo Pasta','Food Taste',Positive,,,,
498,'Best of All must try crazie Chef','Food Taste',Positive,,,,
499,'All Best vaiety & hygenic food Must try',Service,Positive,,,,
500,'Worth trying','Food Taste',Positive,,,,
501,'Awsome taste and service was also good','Food Taste',Positive,,,,
502,'Excellent deal for 4 people in just Rs.1800','Value of Money',Positive,,,,
503,'Taste was also not good ','Food Taste','Negative ',,,,
504,'quantity was also not good',Service,'Negative ',,,,
505,'food was yummilicious','Food Taste',Positive,,,,
506,'So freshly, cheeseliciously, deliciously gooey & full of flavour. ','Food Taste',Positive,,
507,'Perfect burger and Amazing deal','Food Taste',Positive,,,,
508,'Satisfied my craving and taste','Food Taste',Positive,,,,
509,'quantity was also good ',Service,Positive,,,,
510,'Reasonable prices','Value of Money',Positive,,,,
511,'It was delicious','Food Taste',Positive,,,,
512,'It was yumm','Food Taste',Positive,,,,
513,'Taste was so delicious','Food Taste',Positive,,,,
514,'Big mouth saucy burger , a MUST try !! RS:350','Value of Money',Positive,,,
515,'Taste of the sea','Food Taste',Positive,,,,
516,'A little sweet, but delicious','Food Taste',Positive,,,
517,'The best thing about it is that it will look and feel like home!','Food Taste',Positive,,,,
518,'Taste was very bad, also quality was such bad that it also affect my stomach.','Food Taste','Negative ',,,
519,'The taste, quality, quantity and everything was spot on',FoodTaste+Service,Positive,,
520,'It was delicious and at reasonable price','Value of Money',Positive,,,,
521,'It was delicious and spicy','Food Taste',Positive,,,,
522,'I believe it was worth spending Rs 490 as it tasted delicious especially the Burger Sauce is what makes it unique','Value of Money',Positive,,,,
523,' It was moist, delicious, chocolate rich','Food Taste',Positive,,
524,'Was juicy and saucy, Amazing taste','Food Taste',Positive,,,
525,'For 4 persons just in 1050','Value of Money',Positive,,,,
526,'It was so amazing Superb taste & another good thing is that its homemade freshly cooked','Food Taste',Positive,,,,
527,'The quality they are providing at the rate of Rs. 250 is worth trying.','Value of Money',Positive,,,,
528,'Delectable tasty especially their drum sticks!!!','Food Taste',Positive,,,,
529,'Animal fries were stale and soggy and food was literally pathetic like guys you should not call it shawarma','Food Taste','Negative ',,,,
530,'Found it very delicious and worth its price','Food Taste',Positive,,,,
531,'The aroma of earthenware and balanced sweetness','Food Taste',Positive,,,,
532,'These are reasonable in just 50rs','Value of Money',Positive,,,,
533,'Burger was so crispy, tender and perfectly cooked especially the chicken was so fresh ','Food Taste',Positive,,,
534,'A perfect blend of flavour','Food Taste',Positive,,,,
535,'The taste was amazing and brownies had perfect balance ingredients ','Food Taste',Positive,,,,
536,'The most delicious lasagna ever!','Food Taste',Positive,,,,
537,'It was delicious in taste and satisfied cravings also','Food Taste',Positive,,,,
538,'The burgers were delivered so fresh and hot','Food Taste',Positive,,,,
539,'They proved to be focused highly on customers requirement.',Other,Positive,,,,
540,'Took too much time in delivery',Service,'Negative ',,,,
541,'Totally worth the hype and money.','Value of Money',Positive,,,,
542,'Totally worth the hype and money.',Service,Positive,,,,
543,'Best taste','Food Taste',Positive,,,,
544,'Taste was not good ','Food Taste','Negative ',,,,
545,'quality was worst',Service,'Negative ',,,,
546,'They were divine like I enjoyed every bit of it','Food Taste',Positive,,,,
547,'Best taste always','Food Taste',Positive,,,,
548,'Best Service',Service,Positive,,,,
549,'Burger was so rich nd heavy . fried burger bun with grilled chicken , Cheese and Cheese sauce. Fulfilled my cheesy cravings.',Service,Positive,,,
550,'Highly satisfied with customer service',Service,Positive,,,,
551,'Disappointed with their delivery service',Service,'Negative ',,,,
552,'Taste, fresh','Food Taste',Positive,,,
553,'deliverey was good',Service,Positive,,,,
554,'Taste was awesome','Food Taste',Positive,,,,
555,'Great taste','Food Taste',Positive,,,,
556,' considerate staff',Service,Positive,,,,
557,'Food was delicious ','Food Taste',Positive,,,,
558,'Satisfied with taste and quality','Food Taste',Positive,,,,
559,'Get discount from foodpanda and get this burger in just 366rs.','Value of Money',Positive,,,,
560,'Too much salt and black pepper','Food Taste','Negative ',,,,
561,'Deliver only 2 brownie but I ordered 3 brownies',Other,'Negative ',,,,
562,'Fresh and hot.','Food Taste',Positive,,,,
563,'Taste was awesome','Food Taste',Positive,,,,
564,'Presentation were awesome',Service,Positive,,,,
565,'Tasty fresh puris','Food Taste',Positive,,,,
566,'It’s awesome in taste.','Food Taste',Positive,,,,
567,'It was only in 180rs','Value of Money',Positive,,,,
568,'Love the taste','Food Taste',Positive,,,,
569,'Quantity and Quality both were good','Food Taste',Positive,,,,
570,'Ambiance was good they renovated and it looks nice',Ambience,Positive,,,,
571,'The taste and quantity was upto the mark!','Food Taste',Positive,,,,
572,'Taste was so amazing','Food Taste',Positive,,,,
573,'Grab it in just 100rs with offer from eat mubarak','Food Taste',Positive,,,,
574,'Value of Money : 10/10 for the pizza','Value of Money',Positive,,,,
575,'Rich in flavours, creamy texture, a perfect treat','Food Taste',Positive,,
576,'Best choice ever made','Food Taste',Positive,,,,
577,'One of the best pizza ','Food Taste',Positive,,,,
578,'It is absolute class and one of the best in the city.','Food Taste',Positive,,,,
579,'They know how to suffice your sweet thirst! Amazing','Food Taste',Positive,,,,
580,'Tasted delicious','Food Taste',Positive,,,,
581,'Felt totally like home made food.','Food Taste',Positive,,,,
582,'Inside tastes like a soupy fried chicken while the skin is very saucy, tomatoey.I loved the skin.','Food Taste',Positive,,,
583,'Taste was so delicious','Food Taste',Positive,,,,
584,'Absolute melt in mouth','Food Taste',Positive,,,,
585,'It was delicious','Food Taste',Positive,,,,
586,'Love all the dishes','Food Taste',Positive,,,,
587,'Such high quality cheese used','Food Taste',Positive,,,,
588,'So Reasonable','Value of Money',Positive,,,,
589,'Taste was good','Food Taste',Positive,,,,
590,'Good in quality and quantity','Food Taste',Positive,,,,
591,'Never judge book by its cover!',Other,'Negative ',,,,
592,'All dishes taste were delicious','Food Taste',Positive,,,,
593,'Delicious Taste','Food Taste',Positive,,,,
594,'You can arrange small parties as well with your choice of arrangements.',Ambience,Positive,,,,
595,'All you can eat in Rs. 890','Value of Money',Positive,,,,
596,'Amazing food','Food Taste',Positive,,,,
597,'Good Ambience ',Ambience,Positive,,,,
598,'Waste of money','Value of Money','Negative ',,,,
599,'Taste was worst','Food Taste','Negative ',,,,
600,'Must try again, they have delicious food','Food Taste',Positive,,,
601,'The best beef biryani in town. The taste is so amazing that you  wont realize how much you have eaten.','Food Taste',Positive,,,,
602,'It was yum..','Food Taste',Positive,,,,
603,'A big shout out to Funkaar Cafe for their absolutely mouth watering food.','Food Taste',Positive,,,,
604,'Affordable Price','Value of Money',Positive,,,,
605,'Oreo Monster Shake worth it Beast','Food Taste',Positive,,,,
606,'wasting my calories.','Food Taste','Negative ',,,,
607,'Eating since childhood but the taste is still the same.','Food Taste',Positive,,,,
608,'No one can beat the taste of Peshawari','Food Taste',Positive,,,,
609,'I think i have never ever eaten such delicious and tasty BBQ.','Food Taste',Positive,,,,
610,'No doubt one of the best','Food Taste',Positive,,,,
611,'Good Taste','Food Taste',Positive,,,,
612,'Quality and quantity of united king  mix salad is very good comparing to the salad of other bakeries','Food Taste',Positive,,,,
613,'Taste was beyond the expectations','Food Taste',Positive,,,,
614,tasted,'Food Taste',Positive,,,,
615,'Taste was so good..','Food Taste',Positive,,,,
616,'Burger was juicy','Food Taste',Positive,,,,
617,'It was airy,creamy and rich in flavour. The chicken was in perfect texture.','Food Taste',Positive,,,
618,'it was loaded with rich flavors and fries were fresh & crispy too. Taste: 9/10','Food Taste',Positive,,,,
619,'it was very economical and yet so delicious','Food Taste',Positive,,,,
620,'Best Pizza Paratha','Food Taste',Positive,,,,
621,'Overall the pasta, red sauce with moist chicken olives was good but seasoning cud have been better cuz i have had better !','Food Taste',Positive,,,
622,'Food was amazing','Food Taste',Positive,,,,
623,'Delicious taste','Food Taste',Positive,,,,
624,'pizza made on sheermal, fazool kacha se dough without any topping no chicken at all.','Food Taste','Negative ',,,
625,'From appearance to taste it was amazing','Food Taste',Positive,,,,
626,'Best pasta in town','Food Taste','Negative ',,,,
627,'The quality of the food is very good. Loved the dragon chicken,cheese prawns, chopsuey','Food Taste',Positive,,
628,'such a beautiful and peaceful place to have hi-tea hygienic food','Food Taste',Positive,,,,
629,Delicious,'Food Taste',Positive,,,,
630,' its huge, juicy and perfect for burgers lover. Taste: 10/10','Food Taste',Positive,,,
631,'food except deserts were extremenly disappointing','Food Taste','Negative ',,,,
632,'food was very delicious,it was a good experience.','Food Taste',Positive,,,
633,'high Recommended','Food Taste',Positive,,,,
634,' Best Borast in Karachi','Food Taste',Positive,,,,
635,'The food was extremely fresh and warm.','Food Taste',Positive,,,,
636,'The cheese was hard and the fries had a weird taste.','Food Taste','Negative ',,,,
637,'Delicious Taste','Food Taste',Positive,,,,
638,'The food was hot and fresh','Food Taste',Positive,,,,
639,'the taste was not something that I have never had.','Food Taste',Positive,,,,
640,'Club sandwich was good too','Food Taste',Positive,,,,
641,'dry burnt pizza with weird low quality cheese tiny bits of chicken sprinkled here n there for show','Food Taste','Negative ',,,,
642,'The food taste and variety is amazing enough to satisfy your taste buds if you are looking for unique, meaty with juicy and creamy taste.','Food Taste',Positive,,,
643,'The glasses were not even filled half.','Food Taste','Negative ',,,,
644,'I really liked the Chocolate Sea salt donut. ','Food Taste',Positive,,,,
645,'the gappas were crisp and fresh','Food Taste',Positive,,,,
646,'So yummy I can’t even get over with it’s deliciousness','Food Taste',Positive,,,,
647,'Pasta was so bad tasteless','Food Taste','Negative ',,,,
648,'Perfect blend of tikka flavour with lots of cheese n little bit spicy','Food Taste',Positive,,,,
649,'Well this is the king of all i tried perfect sauce and proper blend of the authentic spices.','Food Taste',Positive,,,,
650,'The best Beef Biryani','Food Taste',Positive,,,,
651,'Its taste is good','Food Taste',Positive,,,,
652,'Absolutely,No doubt it is best','Food Taste',Positive,,,
653,'The best Beef Biryani in Karachi','Food Taste',Positive,,,,
654,'It is a classical Biryani .Its also called a friends Biryani','Food Taste',Positive,,,,
655,'Nothing Compared to this amazing taste','Food Taste',Positive,,,,
656,'Sela Biryani Rice with worst taste ever','Food Taste',Positive,,,,
657,'It is the best biryani in town','Food Taste',Negative,,,,
658,'I\'ve eaten it many time,and no other beef biryani comes close to its taste','Food Taste',Positive,,,
659,'The biryani itself is amazing,but along with their raita,its a lethal combination','Food Taste',Positive,,
660,'Best biryani ever.','Food Taste',Positive,,,,
661,'No doubt biryani taste is amazing here','Food Taste',Positive,,,,
662,'I dont like this cake zero customer sevice','Food Taste',Negative,,,,
663,'I have order a red velvet cake its look good but its not good','Food Taste',Negative,,,,
664,'It is a yummy cake recently I have orderd a Mango cheese cake','Food Taste',Positive,,,,
665,'Love their cakes and cupcakes they are best','Food Taste',Positive,,,,
666,'Their service are not good they provide a very less quantity of food',Service,Negative,,,,
667,'Still broadway is far better than pizza point','Food Taste',Positive,,,,
668,'It is very tasty it was so juicy and even the bun was so fresh','Food Taste',Positive,,,,
669,'One of the best pizza in town no doubt','Food Taste',Positive,,,,
670,'Looks awesome an it is very yummy','food Taste',Positive,,,,
671,'Broadway is amazing in taste','Food Taste',Positive,,,,
672,'Their stuffed bread is like the chocolate at the end of cornetto','Food Taste',Positive,,,,
673,'OMG Burger never disapoints I tried the cheese steak single and fell in love all over again','Food Taste',Positive,,,,
674,'It never disapoints!OMG','Food Taste',Positive,,,,
675,'OMG is like above average but not awesome','Food Taste',Negative,,,,
676,'It is a useless burger','Food Taste',Negative,,,,
677,'There was a problem in sitting area are too much congested','Food Taste',Negative,,,,
678,'Personal experience Zamzama branch. Awesom host polite gentle and burger quality awesome','Food Taste',Positive,,,,
679,'Taste 10/10 Top quality','Food Taste',Positive,,,,
680,'I loved it and it is tasty remember me childhood memory','Food Taste',Positive,,,,
681,'Its yummy','Food Taste',Positive,,,,
682,'Highly overrated ice-cream never having it again','Food Taste',Negative,,,,
683,'Its really delicious & not so expensive. Tried at dolmen clifton','Food Taste',Positive,,,,
684,'It is good in taste','Food Taste',Positive,,,,
685,'Quantity and quality both up to mark worth trying','Food Taste',Positive,,,,
686,'Everything was on point except grilled chicken with rice','Food Taste',Negative,,,,
687,'It was reasonable like any other fine dinning restaurant','Food Taste',Positive,,,,
688,'Food quality 9/10','Food Taste',Positive,,,,
689,' very expensive','Value of Money',Negative,,,,
690,'It was not good in taste ','Food Taste',Negative,,,,
691,'The food was hot ,fresh and tasty','Food Taste',Positive,,,
692,'Food taste 9/10','Food Taste',Positive,,,,
693,'Really good in taste & deal was actually good','Food Taste',Positive,,,,
694,'Its look good and its is also amazing','Food Taste',Positive,,,,
695,'It looks yummy','Food Taste',Positive,,,,
696,'Its really amazing and its taste is so yummy','Food Taste',Positive,,,,
697,'It is so delicious and mouth watering','Food Taste',Positive,,,,
698,'It looks good canott wait to try it again','Food Taste',Positive,,,,
699,'Horrible experience Nothing is good here','Food Taste',Negative,,,,
700,'The food service ,ambiance every thing is very good','Food Taste',Positive,,,
701,'It was delicious','Food Taste',Positive,,,,
702,'It was yumm','Food Taste',Positive,,,,
703,'Taste was so delicious','Food Taste',Positive,,,,
704,'Big mouth saucy burger , a MUST try. RS:350','Value of Money',Positive,,,
705,'Taste of the sea','Food Taste',Positive,,,,
706,'A little sweet, but delicious','Food Taste',Positive,,,
707,'The best thing about it is that it will look and feel like home!','Food Taste',Positive,,,,
708,'Taste was very bad, also quality was such bad that it also affect my stomach.','Food Taste','Negative ',,,
709,'The taste, quality, quantity and everything was spot','Value of Money',Positive,,
710,' reasonable price','Value for Money',Positive,,,,
711,'It was delicious ','Food Taste',Positive,,,,
712,'It was delicious and spicy','Food Taste',Positive,,,,
713,'I believe it was worth spending Rs 490 ','Value of Money',Positive,,,,
714,'it tasted delicious especially the Burger Sauce is what makes it unique','Food Taste',Positive,,,,
715,' It was moist, delicious, chocolate rich','Food Taste',Positive,,
716,'Was juicy and saucy, Amazing taste','Food Taste',Positive,,,
717,'For 4 persons just in 1050','Value of Money',Positive,,,,
718,'It was so amazing Superb taste & another good thing is that its homemade freshly cooked','Food Taste',Positive,,,,
719,'The quality they are providing at the rate of Rs. 250 is worth trying.','Value of Money',Positive,,,,
720,'Delectable tasty especially their drum sticks','Food Taste',Positive,,,,
721,'Animal fries were stale and soggy and food was literally pathetic like guys you should nor call it shawarma','Food Taste','Negative ',,,,
722,'Found it very delicious ','Food Taste',Positive,,,,
723,'worth its price','Value of Money',Positive,,,,
724,'The aroma of earthenware and balanced sweetness','Food Taste',Positive,,,,
725,'These are reasonable in just 50rs','Value of Money',Positive,,,,
726,'Burger was so crispy, tender and perfectly cooked especially the chicken was so fresh ','Food Taste',Positive,,,
727,'A perfect blend of flavour','Food Taste',Positive,,,,
728,'The taste was amazing and brownies had perfect balance ingredients ','Food Taste',Positive,,,,
729,'The most delicious lasagna ever!','Food Taste',Positive,,,,
730,'It was delicious in taste and satisfied cravings also','Food Taste',Positive,,,,
731,'The burgers were delivered so fresh and hot','Food Taste',Positive,,,,
732,'They proved to be focused highly on customers requirement.',Service,Positive,,,,
733,'Took too much time in delivery',Service,'Negative ',,,,
734,'Totally worth the hype and money.','Value of Money',Positive,,,,
735,'Best taste','Food Taste',Positive,,,,
736,'Taste was not good also quality was worst','Food Taste','Negative ',,,,
737,'They were divine like I enjoyed every bit of it',Other,Positive,,,,
738,'Best Service',Service,Positive,,,,
739,'best taste always','Food Taste',Positive,,,,
740,'Burger was so rich nd heavy . fried burger bun with grilled chicken , Cheese and Cheese sauce. Fulfilled my cheesy cravings.',Service,Positive,,,
741,'Highly satisfied with customer service',Service,Positive,,,,
742,'Disappointed with their delivery service',Service,'Negative ',,,,
743,'Taste, fresh and deliverey at Rs 1500','Value of Money',Positive,,,
744,'Taste was awesome','Food Taste',Positive,,,,
745,'Great taste','Food Taste',Positive,,,,
746,'considerate staff',Service,Positive,,,,
747,'Food was delicious ','Food Taste',Positive,,,,
748,'Satisfied with taste and quality','Food Taste',Positive,,,,
749,'get this burger in just 366rs.','Value of Money',Positive,,,,
750,'Too much salt and black pepper','Food Taste','Negative ',,,,
751,'Deliver not accurate order worst service','Value of Money','Negative ',,,,
752,'Fresh and hot.','Food Taste',Positive,,,,
753,'Presentation and taste was awesome','Food Taste',Positive,,,,
754,'Tasty fresh puris','Food Taste',Positive,,,,
755,'It’s awesome in taste.','Food Taste',Positive,,,,
756,'It was only in 180rs','Value of Money',Positive,,,,
757,'Love the taste','Food Taste',Positive,,,,
758,' Quantity and Quality both were good','Food Taste',Positive,,,,
759,'Ambiance was good they renovated and it looks nice.',Ambience,Positive,,,,
760,'The taste and quantity was upto the mark','Food Taste',Positive,,,,
761,'Taste was so amazing','Food Taste',Positive,,,,
762,'Grab it in just 100rs with offer from eat mubarak','Value of Money',Positive,,,,
763,'Value for money : 10/10 for the pizza','Value of Money',Positive,,,,
764,'Rich in flavours, creamy texture, a perfect treat','Food Taste',Positive,,
765,'Best choice ever made','Food Taste',Positive,,,,
766,'One of the best pizza ','Food Taste',Positive,,,,
767,'It is absolute class and one of the best in the city.',Other,Positive,,,,
768,'They know how to suffice your sweet thirst awsome','Food Taste',Positive,,,,
769,'Tasted delicious','Food Taste',Positive,,,,
770,'Felt totally like home made food.','Food Taste',Positive,,,,
771,'Inside tastes like a soupy fried chicken while the skin is very saucy, tomatoey.I loved the skin.','Food Taste',Positive,,,
772,'Taste was so delicious','Food Taste',Positive,,,,
773,'Absolute melt in mouth','Food Taste',Positive,,,,
774,'It was delicious','Food Taste',Positive,,,,
775,'Love all the dishes','Food Taste',Positive,,,,
776,'Such high quality cheese used','Food Taste',Positive,,,,
777,'So reasonable and taste was good','Food Taste',Positive,,,,
778,'Good in quality and quantity','Food Taste',Positive,,,,
779,'All dishes taste were delicious','Food Taste',Positive,,,,
780,'Delicious Taste','Food Taste',Positive,,,,
781,'You can arrange small parties as well with your choice of arrangements.',Ambience,Positive,,,,
782,'Good Ambience and Amazing food',Ambience,Positive,,,,
783,'Waste of money','Value of Money','Negative ',,,,
784,'Taste was worst','Food Taste','Negative ',,,,
785,'Must try again, they have delicious food','Food Taste',Positive,,,
786,'Fries were cold and hard too ','Food Taste',Negative,,,,
787,'Great Taste','Food Taste',Positive,,,,
788,'Best Pizza','Food Taste',Positive,,,,
789,'Poor food quality & taste','Food Taste',Negative,,,,
790,'The best in taste','Food taste',Positive,,,,
791,'Best zinger','Food Taste',Positive,,,,
792,'Very disappointed','Food Taste',Negative,,,,
793,'Food taste was not good.','Food Taste',Negative,,,,
794,'Highly disappointed','Food Taste',Negative,,,,
795,'Yummlicious with cheese','Food Taste',Positive,,,,
796,'It was not cheesy anymore full of ketchup and mayo','Food Taste',Negative,,,,
797,'All mu burgers had uncooked chicken ','Food Taste',Negative,,,,
798,'It was sour , cold and tasteless also','Food Taste',Negative,,,
799,'10/10 Food Taste','Food Taste',Positive,,,,
800,'Dry patty , buns was not fresh ,& no filling inside','Food Taste',Negative,,
801,'Cream cheese was on point. ','Food Taste',Positive,,,,
802,'Taste: 10/10','Food Taste',Positive,,,,
803,'One of the delicious biryani i ever had','Food Taste',Positive,,,,
804,'Properly Filled with topping, tasty','Food Taste',Positive,,,
805,'The sauce and cheese were making it more yummy.','Food Taste',Positive,,,,
806,'It has only a single layer of cheese at the top just','Food Taste',Negative,,,,
807,'Moist chocolaty layer in the middle.Yummy','Food Taste',Positive,,,,
808,'Blast ','Food Taste',Positive,,,,
809,'Amazing taste','Food Taste',Positive,,,,
810,'I have never tried something this delicious!! ','Food Taste',Positive,,,,
811,'The perfect balance of spice , it was absolutely fresh','Food Taste',Positive,,,
812,'Fries were too oily','Food Taste',Negative,,,,
813,'Pasta was so bad tasteless','Food Taste',Negative,,,,
814,'Too yummy','Food Taste',Positive,,,,
815,'The best in taste','Food Taste',Positive,,,,
816,'Tasty biryani and extremely hygienic ','Food Taste',Positive,,,,
817,'It was quite different yet tasty.','Food Taste',Positive,,,,
818,'The best calzone i have ever had ','Food Taste',Positive,,,,
819,'I love it 10/10','Food Taste',Positive,,,,
820,'Oily and burn fries','Food Taste',Negative,,,,
821,'The food was absolutely delicious','Food Taste',Positive,,,,
822,'The churros were absolutely fresh & yum','Food Taste',Positive,,,,
823,'Best best full of chocolate','Food Taste',Positive,,,,
824,'The chicken was really hard and tasteless!','Food Taste',Negative,,,,
825,'Hundred out of hundred','Food Taste',Positive,,,,
826,'Highly recommended','Food Taste',Positive,,,,
827,'Smelled awful. Seems like somebody fried it in diesel','Food Taste',Negative,,,,
828,'Tastiest eclairs i ever had in my entire life','Food Taste',Positive,,,,
829,'Pizza was delicious and filled with cheese','Food Taste',Positive,,,,
830,'Fries were too much spicy','Food Taste',Negative,,,,
831,'The chicken was juicy, tender and crispy','Food Taste',Positive,,,
832,'I have never had this much delicious pasta ever','Food Taste',Positive,,,,
833,'Cream not found. Disappointed','Food Taste',Negative,,,,
834,'I could smell the rotten chicken and the old bun ','Food Taste',Negative,,,,
835,'Cravings satisfied! Mouth watering food','Food Taste',Positive,,,,
836,'Very bad quality of pizza . Not enough cheese','Food Taste',Negative,,,,
837,'I think they added old herbs so pasta was bitter','Food Taste',Negative,,,,
838,'The best pizza fries in town ','Food Taste',Positive,,,,
839,'My personal favourite','Food Taste',Positive,,,,
840,'Excellent taste and quality of food','Food Taste',Positive,,,,
841,'the food is making us crazy for its taste','Food Taste',Positive,,,,
842,' the taste is really good','Food Taste',Positive,,,,
843,'it contained a patty stuffed with a creamy sauce that tasted like alfredo sauce, perfect for alfredo pasta cravers','Food Taste',Positive,,,
844,'Best delicious food ','Food Taste',Positive,,,,
845,'No doubt it was so yummy! I am a die hard pasta lover and was very much impressed.','Food Taste',Positive,,,,
846,'OMG! Its really worth eating','Food Taste',Positive,,,,
847,'The most amazing burger','Food Taste',Positive,,,,
848,' It was super juicy and hell amazing!','Food Taste',Positive,,,,
849,'The burgers are very  good','Food Taste',Positive,,,,
850,'We admired the taste, freshness and hygiene,','Food Taste',Positive,,
851,'Excellent food','Food Taste',Positive,,,,
852,'Best Borast in Karachi','Food Taste',Positive,,,,
853,'My personal favourite','Food Taste',Positive,,,,
854,'The sauce and cheese were making it more yummy.','Food Taste',Positive,,,,
855,'The food was absolutely delicious','Food Taste',Positive,,,,
856,'Awsome taste and service was also good','Food Taste',Positive,,,,
857,'Best pizza in town','Food Taste',Positive,,,,
858,'The taste was so delicious and juicy too.','Food Taste',Positive,,,,
859,'Different flavours like others biryani.','Food Taste',Positive,,,,
860,'The aroma of flavours were excellent..','Food Taste',Positive,,,,
861,'The burgers were absolutely great','Food Taste',Positive,,,,
862,'Burgers were tasty, juicy and delicious. ','Food Taste',Positive,,,
863,'Burgers were tasty, juicy and delicious. ','Food Taste',Positive,,,
864,'I Tried their chicken cheese burgers and it was too saucy,fresh ','Food Taste',Positive,,,
865,'Specially chicken patty was too yummy ','Food Taste',Positive,,,,
866,'Quality 10/10','Food Taste',Positive,,,,
867,'Great Taste.','Food Taste',Positive,,,,
868,'Properly Filled with topping, all flavours were different from other','Food Taste',Positive,,,
869,'It was quite different yet tasty','Food Taste',Positive,,,,
870,'Sandwiches flavours  were too good','Food Taste',Positive,,,,
871,'Their coconut ice-cream is sooooooo good','Food Taste',Positive,,,,
872,'It was so good at taste and decorated so nice i loved it','Food Taste',Positive,,,,
873,'Food was amazing','Food Taste',Positive,,,,
874,'Presenting you a unique version Biryani','Food Taste',Positive,,,,
875,'Delicious hygiene food','Food Taste',Positive,,,,
876,'Super soft donuts ','Food Taste',Positive,,,,
877,'This tasty Tawa Pizza, and trust me it is something beyond delicious ','Food Taste',Positive,,,
878,'It was too yummy and delicious','Food Taste',Positive,,,,
879,'The food was absolutely delicious','Food Taste',Positive,,,,
880,'The food was hot and fresh ','Food Taste',Positive,,,,
881,'Awesome quality of flavoured','Food Taste',Positive,,,,
882,'One of my favourite Dine-in of all time! ','Food Taste',Positive,,,,
883,'The taste is so amazing','Food Taste',Positive,,,,
884,'Tasty bites','Food Taste',Positive,,,,
885,'awesome Burgers','Food Taste',Positive,,,,
886,'100°\% correct','Food Taste',Positive,,,,
887,'The most amazing burger','Food Taste',Positive,,,,
888,'The burgers are very  good','Food Taste',Positive,,,,
889,'The cheesy tikka pasta was good as well according to the price. ','Food Taste',Positive,,,,
890,'Club sandwich was good too','Food Taste',Positive,,,,
891,'Loved every bite of the beef double patty burger','Food Taste',Positive,,,,
892,'Taste was so delicious','Food Taste',Positive,,,,
893,'Nice presentation, excellent taste and quality of food.','Food Taste',Positive,,,
894,'The chopsuey served to us was soggy and not at all delightful. ','Food Taste',Negative,,,,
895,'They were simply bathing in oil. They looked disgusting','Food Taste',Negative,,,,
896,' has very less sauce on it ','Food Taste',Negative,,,,
897,'is not well Done way hard and tough','Food Taste',Negative,,,,
898,'the only dish which was good','Food Taste',Positive,,,,
899,'taste less','Food Taste',Negative,,,,
900,'It was awful filled with 5 pc of little chicken and tons of veggies highly dissatisfied.','Food Taste',Negative,,,,
901,'It is the best on their menu','Food Taste',Positive,,,,
902,'It had a unique pizza like taste','Food Taste',Positive,,,,
903,'a bit spicy for Me but the sauce served with it balanced the flavours.','Food Taste',Positive,,,,
904,'they do have a very good taste.','Food Taste',Positive,,,,
905,'It is the best of spicy broast available. You can taste the spices to the very core of the broast','Food Taste',Positive,,,,
906,'it had one of the thickest burger I have seen.','Food Taste',Positive,,,,
907,' they were both brilliant','Food Taste',Positive,,,,
908,'Honestly, best fricking pizza I’ve had in forever.','Food Taste',Positive,,,
909,'the toppings were fresh and the crust was perfect. ','Food Taste',Positive,,,,
910,'it was the winner for me.','Food Taste',Positive,,,,
911,'the chicken was moist, the sauce was of a generous serving size, followed by some sautéed veggies and a piece of bread on the side.','Food Taste',Positive,,
912,'surprisingly were very yummy, I really wasn’t expecting them to be that good, they were warm with the right amount of chicken and mushrooms.','Food Taste',Positive,,
913,'that was just amazing, soft and just cooked to perfection.','Food Taste',Positive,,,
914,'Perfect blend of tikka flavour with lots of cheese n little bit spicy','Food Taste',Positive,,,,
915,'Well this is the king of all i tried perfect sauce and proper blend of the authentic spices.','Food Taste',Positive,,,,
916,'This was also good','Food Taste',Positive,,,,
917,'Authentic taste the chaat was delicious. ','Food Taste',Positive,,,,
918,'the gappas were crisp and fresh','Food Taste',Positive,,,,
919,'The best khausa I have ever tried highly recommended it had the warmth of homemade food which was the best part.','Food Taste',Positive,,,,
920,'The tea was simply  big NO','Food Taste',Negative,,,,
921,'we were informed that gol gappay would TAKE TIME!! (not Served)','Food Taste',Negative,,,,
922,'The glasses were not even filled half.','Food Taste',Negative,,,,
923,'Overall the pasta, red sauce with moist chicken olives was good but seasoning cud have been better cuz i have had better !','Food Taste',Positive,,,
924,' Firstly the fish was really fresh and good quality but again the seasoning cud have been better','Food Taste',Positive,,,,
925,'the best i have','Food Taste',Positive,,,,
926,'The buns were fresh and light,the other components were crunchy,succulent and had a perfect balance of flavours.','Food Taste',Positive,,
927,'The creamy chicken bun was creamy, light and velvety and the chicken tikka bun had the flavour reminiscent of smoke.','Food Taste',Positive,,,
928,'The pizza was as good as any other pizza joint. The flavours were in perfect harmony ','Food Taste',Positive,,,,
929,'It was airy,crramy and rich in flavour. The chicken was in perfect texture.','Food Taste',Positive,,,
930,'it was yum.','Food Taste',Positive,,,,
931,'oh my my the mighty sight of it was so filling..','Food Taste',Positive,,,,
932,'it was very economical and yet so delicious','Food Taste',Positive,,,,
933,'Their coconut ice-cream is sooooooo good and so is the pasta. Actually, the wings too. Will defo go again to try the steaks and panini.','Food Taste',Positive,,,
934,'pizza made on sheermal, fazool kacha se dough without any topping no chicken at all.','Food Taste',Negative,,,
935,'  very impressed by the service delivered food on time ',Service,Positive,,,,
936,'It was delivered on time.',Service,Positive,,,,
937,' hot fresh food','Food Taste',Positive,,,,
938,'Fast service on time delivered taste is very excellence.',Service,Positive,,,,
939,'Delivered on time also delivery boy had follow all sops.',Service,Positive,,,,
940,'DeIivered on time or free no extra charges.',Service,Positive,,,,
941,'To much yammmy or service to much fast.',Service,Positive,,,,
942,'The delivery was timely and all ingredients were fresh try please.',Service,Positive,,,,
943,'Fast service or to much delicious and tasty BBQ',Service,Positive,,,,
944,'To much fast service on time delivered.',Service,Positive,,,,
945,'Amazing food plus on time delivery.',Service,Positive,,,,
946,'Perfect size most important delivery was on time.i like so much ',Service,Positive,,,,
947,'Taste was perfect very very fast service',Service,Positive,,,,
948,'buns were fresh','Food Taste',Positive,,,,
949,'Delivery was on time',Service,Positive,,,,
950,'The biryani was good ','Food Taste',Positive,,,,
951,'service is to much good',Service,Positive,,,,
952,'  Perfect time delivery also taste is so much delicious I can not explain it',Service,Positive,,,,
953,'Service is not good ',Service,Positive,,,,
954,' pasta tasty to much','Food Taste','Negative ',,,,
955,'It was loaded with rich flavors and fries were fresh & crispy too. Taste: 9/10','Food Taste',Positive,,,,
956,'Delicious yummy and tasty ','Food Taste',Positive,,,,
957,'on time delivery',Service,Positive,,,,
958,'Yummy BBQ ','Food Taste',Positive,,,,
959,'plus delivery so fast I am very impressed on time delivered.',Service,Positive,,,,
960,'service not good.',Service,'Negative ',,,,
961,'Delivered food right on time ',Service,Positive,,,,
962,'zinger was  fresh  good quality','Food Taste',Positive,,,,
963,'They delivered it at exact time they gave me',Service,Positive,,,,
964,'Service is not good poor cutomer service','Food Taste','Negative ',,,,
965,' taste it was amazing ','Food Taste',Positive,,,,
966,'On time delivery area wise',Service,Positive,,,,
967,'Very bad service first time I have order but very very bad service ',Service,'Negative ',,,,
968,'Quality plus service is perfect.',Service,Positive,,,,
969,'Literally it was so much delicious','Food Taste',Positive,,,,
970,'on time delivery  ',Service,Positive,,,,
971,'please try her cake to much yummy','Food Taste',Positive,,,,
972,' amazing on time delivery area wise  ',Service,Positive,,,,
973,'Exelence service or good taste',Service,Positive,,,,
974,'Perfect service Delicious to much not explain try it plz.',Service,Positive,,,,
975,'Service timing perfect',Service,Positive,,,,
976,'Delivery not on time waste time ',Service,'Negative ',,,,
977,'Taste yumm','Food Taste',Positive,,,,
978,'I like food in service every people easily order.',Service,Positive,,,,
979,'Area wise delivery time but perfect taste ',Service,Positive,,,,
980,'Right time delivery  ',Service,Positive,,,,
981,'10/ 10 for the delivery the price of the restaurant are best ',Service,Positive,,,,
982,' Good taste delivery plus quality is very good',Service,Positive,,,,
983,'Taste was awesome.','Food Taste',Positive,,,,
984,'Reasonable price 10/10 ','Value of Money',Positive,,,,
985,'delivery timing was good',Service,Positive,,,,
986,'Exact time delivered Food ',Service,Positive,,,,
987,' fresh n tasty.','Food Taste',Positive,,,,
988,'Food was delicious on time delivery 10/10',Service,Positive,,,,
989,' Arrived on time I like this service.',Service,Positive,,,,
990,' Tasteful or on time delivered.',Service,Positive,,,,
991,'price  is reasonable for all type of people.','Value of Money',Positive,,,,
992,'Service time is also perfect I was received my order on time  ',Service,Positive,,,,
993,' Average Price ','Value of Money',Positive,,,,
994,'to much delicious.','Food Taste',Positive,,,,
995,'Arrived on time',Service,Positive,,,,
996,'Worst customer service',Service,'Negative ',,,,
997,'Disappointed delivery not right time but to much yummy food.',Service,'Negative ',,,,
998,'Ordered two of their buns, a pizza bun and a fajita bun. Overall experience was good','Food Taste','Positive ',,,
999,'I happened to come across a mini setup called Street Cafe at Soldier Bazar No.3... and was blown away by how much flavour each thing I ordered had.','Food Taste',Positive,,,,
1000,'Highly recommended, whether you\'re a Lebanese Cuisine for or not!','Food Taste',Positive,,,
1001,'Delicious taste, good quality, cheese and meat were in proper proportions','Food Taste','Positive ',,
1002,'Good place to have breakfast.','Food Taste',Positive,,,,
1003,'We were surprised to see over a 100 dishes in the menu ranging from Italian to Continental to BBQ. The food was too delicious we took suggestions from Manager. Complimentary crackers were served as soon as we were seated. ','Food Taste','Positive ',,,,
1004,'All the dishes were so awesome nicely cooked right amount of spices and kick of flavour.','Food Taste',Positive,,,,
1005,'Prawn Karhai was too spicy Loved it!! Prawn Biryani was good will definitely order again.','Food Taste',Positive,,,,
1006,'Agreed the Customer service got bad reviews ',Service,Negative,,,,
1007,' honestly their food is really good.','Food Taste','Positive ',,,,
1008,'The iftari platter could be more exciting the Chicken Alfredo  was delightful. I loved the white sauce. ','Food Taste','Positive ',,,,
1009,'Disappointed with Masala Dossa it was too oily, Sambar was quite salty . The standard of the Dossa\'s at Chatkharay have definitely plummeted.','Food Taste','Negative ',,,
1010,'Food was good but their was hair in the dish','Food Taste','Positive ',,,,
1011,'they did not entertain the complaint',Service,Negative,,,,
1012,'Deliver on time nicely wrapped',Service,Positive,,,,
1013,'tasted awesome','Food Taste',Positive,,,,
1014,' Best value for money, Well Done!!','Value of Money',Positive,,,
1015,'These were so delicious highly recommended!!','Food Taste',Positive,,,,
1016,'The breakfast was so yummy.','Food Taste','Positive ',,,,
1017,'Tried first time but yes it was on the top.','Food Taste',Positive,,,,
1018,'Taste 10/10, Service is also good. But not served hot due to delivery but its ok ','Food Taste',Positive,,,
1019,'I love the food, worth eating at Kababjees','Food Taste','Positive ',,,
1020,' service was also good. Highly recommended.',Service,Positive,,,,
1021,'Highly recommended...Quantity 10/10 Taste 10/10','Food Taste','Positive ',,,,
1022,'Not recommended!! I have better soups in other restaurants','Food Taste',Negative,,,,
1023,'Enjoyed Chicken Makhni Handi at Hot n spicy... So yummy.','Food Taste','Positive ',,,,
1024,'Must try people worth place to go.',Other,'Positive ',,,,
1025,'Great place...Taste 10/10','Food Taste','Positive ',,,,
1026,'I love the taste... Highly recommended.','Food Taste',Positive,,,,
1027,'The place was nice and clean',Ambience,Positive,,,,
1028,'service was also good',Service,Positive,,,,
1029,' coffee was best.','Food Taste',Positive,,,,
1030,'Taste was so good.. highly recommended.','Food Taste',Positive,,,,
1031,'The meal has caused me and my husband terrible suffering from food poisoning. Highly disappointed with the low ','Food Taste',Negative,,,,
1032,'Enjoying drizzling with this samosa.',Other,Positive,,,,
1033,'Food 10/9','Food Taste',Positive,,,,
1034,'Price 10/9 according to quantity','Value of Money',Positive,,,,
1035,'service 10/10, Cashier or owner is too good.',Service,Positive,,,
1036,'I am just very happy with the service  and the drinks quality.','Food Taste','Positive ',,,,
1037,'The pizza was so mouth watering and delicious, the topping ','Food Taste',Positive,,,
1038,'The hype was rightThey have different menu. Love the food.','Food Taste',Positive,,,,
1039,'The food was surprisingly delicious and the service was pretty prompt.','Food Taste',Positive,,,,
1040,'I recommend you all as they have super cool and very very economic packages for your small get together with a nice complimentry decorations',Service,Positive,,,,
1041,'Overall Food 9/10 ','Food Taste',Positive,,,,
1042,'Service 10/10.',Service,Positive,,,,
1043,'Bunless burger was interesting but the Cheese Poppers were great.','Food Taste',Positive,,,,
1044,'They have improved their environment along with better cooling but the burgers wese same as before, delightful to the taste buds.','Food Taste',Positive,,,
1045,'Best Pizza Paratha in city, filled with too much stuff that\'s I need always.','Food Taste',Positive,,,
1046,'Food quality 10/3. Not recommended!!','Food Taste',Negative,,,,
1047,'Good food.','Food Taste',Positive,,,,
1048,' Value for money, 50\% off on second entire.','Value of Money',Positive,,,
1049,'Perfect flavour...Very impressive ','Food Taste',Positive,,,,
1050,'Best pizza fries ever. Burgers were juicy, soft and cheesy too.','Food Taste','Positive ',,,
1051,'Wonderful experience, Taste 10/10.','Food Taste',Positive,,,
1052,'Every thing from ambiance to their taste to there presentation of food was beyond good.','Food Taste','Positive ',,,,
1053,'Burger was so yummy... highly recommended.','Food Taste','Positive ',,,,
1054,'Taste was so up to the mark.','Food Taste','Positive ',,,,
1055,'Ambiance 10/10',Ambience,Positive,,,,
1056,'Quality of Food 10/10','Food Taste','Positive ',,,,
1057,'Place 10/10, Service 10/10.',Service,'Positive ',,,
1058,'Quantity is good, Topping is just like pizza. ','Food Taste','Positive ',,,
1059,'Burger was juicy and crispy enough to make your cravings satisfied.','Food Taste',Positive,,,,
1060,'Food was amazing, very nice ambiance and service was good too.','Food Taste',Positive,,,
1061,'Taste 3/10 Price vs Quantity 0/10, Recommendation A BIG FAT NO, Tasteless Icecream and tasteless Buns','Food Taste','Positive ',,
1062,'they are not serving good','Food Taste','Negative ',,,,
1063,'Its sad we cant dine at our fvt resturants but thry bring right to your home & gives you the closest experinence',Ambience,Positive,,,,
1064,'Not much good','Food Taste','Negative ',,,,
1065,'Pathetic service',Service,'Negative ',,,,
1066,'BROADWAY PIZZA CUSTOMER SERVICE REST IN PEACE.. PATHETIC.',Service,'Negative ',,,,
1067,'LESSON LEARNEd NEVER PAY ONLINE ANYWHERE IN PAKISTAN','Value for Money','Negative ',,,,
1068,'Worst food ever ','Food Taste','Negative ',,,,
1069,' I ordered a Red Velvet Cake from Kebabjees Bakers yesterday. The cake was extremely sweet in taste. Whatever flavour it had was masked by the sweetness','Food Taste','Negative ',,,,
1070,'Ordered from The Eatery. Worst experience ever! I ordered pizza fries, zinger burger and their so called spicy crispy chicken which wasnt spicy at all','Food Taste','Negative ',,,
1071,' A big bite was already taken from my sub when I opened it. Bad Food',Service,'Negative ',,,,
1072,' I got their mughlai chiken burger and hot garlic mayo fries,spent1040/-and their fries were cold and hard too.','Value for Money','Negative ',,,
1073,'Exactly i ordered family box last night it was pathetic.All burgers were burnt and fries were uncooked ! Highly disappointed by them',Service,'Negative ',,,,
1074,'Exactly i ordered family box last night it was pathetic.All burgers were burnt and fries were uncooked ! Highly disappointed by them',Service,'Negative ',,,,
1075,'So few days back I ordered from Broadway Pizza but they cancelled my order, saying that my society is outside their trade area. Although I used to order at the same address and society adjacent to our society is PCSIR Society, which is literally like 50-70 feet away from my house, is listed on their website as area, they deliver at PCSIR Society but stop delivery at my society suddenly.',Service,'Negative '
1076,'I ordered then from Star Pizza Pakistan and it was not very good, cheese and pizza sauce should have been better but it was value for money for sure. And it tasted better second time around when I heated it on pan with little olive oil.','Value for Money','Negative ',,,
1077,'Mujahid Foods best zinger only in Rs:120','Value for Money','Negative ',,,,
1078,'Finally received these banana chips! Took a week to deliver but worth it... A bit over priced as well','Value for Money','Negative ',,,,
1079,'No doubt delivered hot n had alot of chicken but tasteless','Food Taste','Negative ',,,,
1080,'Worst Taste','Food Taste',Negative,,,,
1081,'Taste was also not good and quantity was also not good','Food Taste','Negative ',,,,
1082,'Full marks for their service , but we visited on a wrong day',Service,'Negative ',,,
1083,'a deal for getting 2 steaks in 999rs but there was no as such deal, the quantity was poor, Even when I called the waiter, he was very non interested into providing required services, worst experience ever',Service,'Negative '
1084,'but was so much disappointed by the food quality and service, I went there at 4 pm, restaurant was totally empty, but still all the tables were dirty',Service,'Negative ',
1085,'the most unexpected disappointed',Service,'Negative ',,,,
1086,'have good interior with very bad service',Service,'Negative ',,,,
1087,'Dear subway, thankyou for ruining our celebration ',Service,'Negative ',,,
1088,'The cake was damage and low service ',Service,'Negative ',,,,
1089,'I decided to commit a mistake',Service,'Negative ',,,,
1090,'stale and inedible',Service,'Negative ',,,,
1091,'Poor food quality and taste','Food Taste',Negative,,,,
1092,'It was not cheesy anymore full of ketchup and mayo','Food Taste',Negative,,,,
1093,'I ordered a kiwi mojito and I didn’t really like the taste so they customised it','Food Taste',Negative,,,,
1094,'Food quality 10/3. Not recommended','Food Taste',Negative,,,,
1095,'TERRIBLE not worth it','Value of money',Negative,,,,
1096,'we just waste 1680 rupees for no good','Value of money',Negative,,,,
1097,'The food wasnot even good','Value of money',Negative,,,,
1098,'Pathetic service and worst pizza ever ','Value of money',Negative,,,,
1099,'recent trip to Vintage did not go as planned','Value of money',Negative,,,,
1100,'Worst Experience this time with Pizza Max.','Value of money',Negative,,,,
1101,'Poor food quality Very disappointed ','Value of money',Negative,,,,
1102,'I paid 937 for half chicken very disappointed','Value of money',Negative,,,,
1103,'the experienced was really terrible','Value of money',Negative,,,,
1104,'very extremely spicy and salty I wasted Rs.1400','Value of money',Negative,,,,
1105,'Worth Money 3/10','Value of money',Negative,,,,
1106,'We expect atleast a decent amount of fries even the thela walas give more fries in 50 rupees.Highly disappointed','Food Taste',Negative,,,,
1107,'Recently I have ordered ginsoy as I was craving for some good Chinese food and c what I have got...some oily curry which has only spice, oil wd no taste..','Food Taste',Negative,,,
1108,'It is just v fancy and firstly you’re gonna get a hard chocolate shell.. then you’re going to dig in with some high expectations and all you’ll get is some flavourless vanilla ice cream with lots of coconut with absolutely no naamonishaan of brownie. Overall 5/10 ','Food Taste',Negative,,,,
1109,'I just got food from OPTP. The thing i ordered was this and what i got was this. I got their mughlai chiken burger and hot garlic mayo fries,spent1040/-and their fries were cold and hard too.highly dissapointed','Food Taste',Negative,,,
1110,'Being a biryani lover, heard a lot about hajibiryani so gave it a try. Not worth the hype. Average street biryani. ','Food Taste',Negative,,,
1111,'worse golgappay','Food Taste',Negative,,,,
1112,'pizza point no resonse','Food Taste',Negative,,,,
?,?,?,?,,,,
?,?,?,?,,,,
?,?,?,?,,,,
?,?,?,?,,,,
?,?,?,?,,,,
?,?,?,?,,,,
?,?,?,?,,,,
?,?,?,?,,,,
?,?,?,?,,,,
?,?,?,?,,,,
?,?,?,?,,,,
?,?,?,?,,,,
?,?,?,?,,,,
?,?,?,?,,,,
?,?,?,?,,,,
?,?,?,?,,,,
?,?,?,?,,,,
?,?,?,?,,,,
